keyword,kd,vol_known,vol_3mo,jun_2026,growth_pct,peak_2023
dmz gunsmith,20,10,,10,,260
dmz 3d printer,29,,,0,,0
dmz hunt towers,29,,,0,,0
dmz infil,30,,,0,,0
dmz how to deploy,31,,,0,,0
dmz weather,31,20,,20,,50
dmz stash,32,10,,10,,10
dmz boss board,35,,,0,,0
dmz bounty,36,10,,10,,10
dmz apex attachment,36,,,0,,0
dmz operators,39,20,,40,,40
dmz mia rescue,40,,,0,,0
dmz dynamic ops,41,,,0,,0
dmz fob,,10,,20,,20
dmz forward operating base,,10,,20,,110
dmz trait system,,,,0,,0
dmz lieutenants,,,,0,,0
